{"cameraMode":{"drawMode":0,"name":"Shaded","section":"Shading Mode"},"sceneLighting":false,"audioPlay":false,"sceneViewState":{"m_AlwaysRefresh":false,"showFog":true,"showSkybox":false,"showFlares":true,"showImageEffects":true,"showParticleSystems":true,"showVisualEffectGraphs":true,"m_FxEnabled":false},"in2DMode":false,"pivot":{"x":8.940696716308594e-8,"y":0.17236284911632539,"z":-0.007655223831534386},"rotation":{"x":-0.004063759930431843,"y":0.9171521067619324,"z":-0.39841562509536745,"w":-0.009354284964501858},"size":0.25010284781455996,"orthographic":false}