{"cameraMode":{"drawMode":0,"name":"Shaded","section":"Shading Mode"},"sceneLighting":true,"audioPlay":false,"sceneViewState":{"m_AlwaysRefresh":false,"showFog":true,"showSkybox":true,"showFlares":true,"showImageEffects":true,"showParticleSystems":true,"showVisualEffectGraphs":true,"m_FxEnabled":false},"in2DMode":false,"pivot":{"x":13.159753799438477,"y":-3.7281627655029299,"z":18.362165451049806},"rotation":{"x":-0.004063759930431843,"y":0.9171521067619324,"z":-0.39841562509536745,"w":-0.009354284964501858},"size":30.823850631713868,"orthographic":false}